{
    "Recall": 0.9733333333333334,
    "LabelNum": 3,
    "Labels": [
        {
            "F1Measure": 0.9702970297029702,
            "Recall": 0.9607843137254902,
            "Precision": 0.98
        },
        {
            "F1Measure": 0.98989898989899,
            "Recall": 1.0,
            "Precision": 0.98
        },
        {
            "F1Measure": 0.96,
            "Recall": 0.96,
            "Precision": 0.96
        }
    ],
    "ConfusionMatrix": [
        [
            49.0,
            0.0,
            2.0
        ],
        [
            0.0,
            49.0,
            0.0
        ],
        [
            1.0,
            1.0,
            48.0
        ]
    ],
    "Precision": 0.9733333333333334,
    "TaskId": "RandomForest",
    "AlgorithmName": "LogisticRegression",
    "F1Score": 0.9733333333333334,
    "WeightedStats": {
        "FalsePositiveRate": 0.013335333533353337,
        "F1Score": 0.9732679934660131,
        "Precision": 0.9733333333333334
    }
}